"Name","FullName"
".github","C:\Users\nutne\codes\final project\grad\.github"
"AI_Backend","C:\Users\nutne\codes\final project\grad\AI_Backend"
"backend","C:\Users\nutne\codes\final project\grad\backend"
"frontend","C:\Users\nutne\codes\final project\grad\frontend"
"FolderTree.csv","C:\Users\nutne\codes\final project\grad\FolderTree.csv"
"README.md","C:\Users\nutne\codes\final project\grad\README.md"
"render.yaml","C:\Users\nutne\codes\final project\grad\render.yaml"
"vercel.json","C:\Users\nutne\codes\final project\grad\vercel.json"
"workflows","C:\Users\nutne\codes\final project\grad\.github\workflows"
"buildcheck.yml","C:\Users\nutne\codes\final project\grad\.github\workflows\buildcheck.yml"
"medai","C:\Users\nutne\codes\final project\grad\AI_Backend\medai"
"Data","C:\Users\nutne\codes\final project\grad\AI_Backend\medai\Data"
"db","C:\Users\nutne\codes\final project\grad\AI_Backend\medai\db"
"knowledge","C:\Users\nutne\codes\final project\grad\AI_Backend\medai\knowledge"
"logs","C:\Users\nutne\codes\final project\grad\AI_Backend\medai\logs"
"src","C:\Users\nutne\codes\final project\grad\AI_Backend\medai\src"
"Visual","C:\Users\nutne\codes\final project\grad\AI_Backend\medai\Visual"
".dockerignore","C:\Users\nutne\codes\final project\grad\AI_Backend\medai\.dockerignore"
".env.example","C:\Users\nutne\codes\final project\grad\AI_Backend\medai\.env.example"
".gitignore","C:\Users\nutne\codes\final project\grad\AI_Backend\medai\.gitignore"
"chromadb-ca90210d07ec839ca730361cbf0265aa.lock","C:\Users\nutne\codes\final project\grad\AI_Backend\medai\chromadb-ca90210d07ec839ca730361cbf0265aa.lock"
"chromadb-e9dbc615de960604641c4ba773de4211.lock","C:\Users\nutne\codes\final project\grad\AI_Backend\medai\chromadb-e9dbc615de960604641c4ba773de4211.lock"
"clinical_case_study.md","C:\Users\nutne\codes\final project\grad\AI_Backend\medai\clinical_case_study.md"
"Dockerfile","C:\Users\nutne\codes\final project\grad\AI_Backend\medai\Dockerfile"
"final_diagnosis_report.md","C:\Users\nutne\codes\final project\grad\AI_Backend\medai\final_diagnosis_report.md"
"patient_triage_report.md","C:\Users\nutne\codes\final project\grad\AI_Backend\medai\patient_triage_report.md"
"pyproject.toml","C:\Users\nutne\codes\final project\grad\AI_Backend\medai\pyproject.toml"
"README.md","C:\Users\nutne\codes\final project\grad\AI_Backend\medai\README.md"
"report.md","C:\Users\nutne\codes\final project\grad\AI_Backend\medai\report.md"
"uv.lock","C:\Users\nutne\codes\final project\grad\AI_Backend\medai\uv.lock"
"guidelines","C:\Users\nutne\codes\final project\grad\AI_Backend\medai\Data\guidelines"
"student_data","C:\Users\nutne\codes\final project\grad\AI_Backend\medai\Data\student_data"
"924154449X.pdf","C:\Users\nutne\codes\final project\grad\AI_Backend\medai\Data\guidelines\924154449X.pdf"
"asthma-diagnosis-monitoring-and-chronic-asthma-management-bts-nice-sign-pdf-66143958279109.pdf","C:\Users\nutne\codes\final project\grad\AI_Backend\medai\Data\guidelines\asthma-diagnosis-monitoring-and-chronic-asthma-management-bts-nice-sign-pdf-66143958279109.pdf"
"chronic-obstructive-pulmonary-disease-in-over-16s-diagnosis-and-management-pdf-66141600098245.pdf","C:\Users\nutne\codes\final project\grad\AI_Backend\medai\Data\guidelines\chronic-obstructive-pulmonary-disease-in-over-16s-diagnosis-and-management-pdf-66141600098245.pdf"
"Guidelines-for-Mangaging-Patients-with-AIS-2019-Update-to-2018-Guidelines.pdf","C:\Users\nutne\codes\final project\grad\AI_Backend\medai\Data\guidelines\Guidelines-for-Mangaging-Patients-with-AIS-2019-Update-to-2018-Guidelines.pdf"
"hypertension-in-adults-diagnosis-and-management.pdf","C:\Users\nutne\codes\final project\grad\AI_Backend\medai\Data\guidelines\hypertension-in-adults-diagnosis-and-management.pdf"
"Kenya-National-Clinical-Guidelines-for-the-Management-of-Diabetes-2nd-Editiion-2018-1.pdf","C:\Users\nutne\codes\final project\grad\AI_Backend\medai\Data\guidelines\Kenya-National-Clinical-Guidelines-for-the-Management-of-Diabetes-2nd-Editiion-2018-1.pdf"
"malaria guidelines.pdf","C:\Users\nutne\codes\final project\grad\AI_Backend\medai\Data\guidelines\malaria guidelines.pdf"
"Sepsis-Guidelines-UF-Shands.pdf","C:\Users\nutne\codes\final project\grad\AI_Backend\medai\Data\guidelines\Sepsis-Guidelines-UF-Shands.pdf"
"suspected-sepsis-recognition-diagnosis-and-early-management-pdf-1837508256709.pdf","C:\Users\nutne\codes\final project\grad\AI_Backend\medai\Data\guidelines\suspected-sepsis-recognition-diagnosis-and-early-management-pdf-1837508256709.pdf"
"type-2-diabetes-in-adults-management-pdf-1837338615493.pdf","C:\Users\nutne\codes\final project\grad\AI_Backend\medai\Data\guidelines\type-2-diabetes-in-adults-management-pdf-1837338615493.pdf"
"Unconfirmed 228400.crdownload","C:\Users\nutne\codes\final project\grad\AI_Backend\medai\Data\guidelines\Unconfirmed 228400.crdownload"
"dataset.csv","C:\Users\nutne\codes\final project\grad\AI_Backend\medai\Data\student_data\dataset.csv"
"HNS 121B MEDICAL PHYSIOLOGY II (1).pdf","C:\Users\nutne\codes\final project\grad\AI_Backend\medai\Data\student_data\HNS 121B MEDICAL PHYSIOLOGY II (1).pdf"
"HNS 122 FAMILY & GENDER HEALTH.pdf","C:\Users\nutne\codes\final project\grad\AI_Backend\medai\Data\student_data\HNS 122 FAMILY & GENDER HEALTH.pdf"
"HNS 131B FUNDAMENTALS OF NURSING II (2).pdf","C:\Users\nutne\codes\final project\grad\AI_Backend\medai\Data\student_data\HNS 131B FUNDAMENTALS OF NURSING II (2).pdf"
"HNS 131B FUNDAMENTALS OF NURSING II.pdf","C:\Users\nutne\codes\final project\grad\AI_Backend\medai\Data\student_data\HNS 131B FUNDAMENTALS OF NURSING II.pdf"
"HNS 211.pdf","C:\Users\nutne\codes\final project\grad\AI_Backend\medai\Data\student_data\HNS 211.pdf"
"HNS 213 HEMATOLOGY.pdf","C:\Users\nutne\codes\final project\grad\AI_Backend\medai\Data\student_data\HNS 213 HEMATOLOGY.pdf"
"Intoduction to Hematology.pdf","C:\Users\nutne\codes\final project\grad\AI_Backend\medai\Data\student_data\Intoduction to Hematology.pdf"
"Microbiology Introduction Lesson 1 and 2.pdf","C:\Users\nutne\codes\final project\grad\AI_Backend\medai\Data\student_data\Microbiology Introduction Lesson 1 and 2.pdf"
"Microbiology lesson 3. Culture Media.pdf","C:\Users\nutne\codes\final project\grad\AI_Backend\medai\Data\student_data\Microbiology lesson 3. Culture Media.pdf"
"Microbiology Lesson 8. Sterilization and Disinfection.pdf","C:\Users\nutne\codes\final project\grad\AI_Backend\medai\Data\student_data\Microbiology Lesson 8. Sterilization and Disinfection.pdf"
"NEWAYSRH-Adolescent-Youth-Friendly-Health-Services.pdf","C:\Users\nutne\codes\final project\grad\AI_Backend\medai\Data\student_data\NEWAYSRH-Adolescent-Youth-Friendly-Health-Services.pdf"
"Parasitology Lesson 4 Taem=nia solium.pdf","C:\Users\nutne\codes\final project\grad\AI_Backend\medai\Data\student_data\Parasitology Lesson 4 Taem=nia solium.pdf"
"Parasitology Lesson 5. Schistosoma masoni.pdf","C:\Users\nutne\codes\final project\grad\AI_Backend\medai\Data\student_data\Parasitology Lesson 5. Schistosoma masoni.pdf"
"Symptom-severity.csv","C:\Users\nutne\codes\final project\grad\AI_Backend\medai\Data\student_data\Symptom-severity.csv"
"symptom_Description.csv","C:\Users\nutne\codes\final project\grad\AI_Backend\medai\Data\student_data\symptom_Description.csv"
"symptom_precaution.csv","C:\Users\nutne\codes\final project\grad\AI_Backend\medai\Data\student_data\symptom_precaution.csv"
"Venepuncture Tutorial - Shortened.pdf","C:\Users\nutne\codes\final project\grad\AI_Backend\medai\Data\student_data\Venepuncture Tutorial - Shortened.pdf"
"55fe8e75-f096-4134-a11a-8725b083238f","C:\Users\nutne\codes\final project\grad\AI_Backend\medai\db\55fe8e75-f096-4134-a11a-8725b083238f"
"82e3c8b4-e779-46db-a056-2e4c361d002f","C:\Users\nutne\codes\final project\grad\AI_Backend\medai\db\82e3c8b4-e779-46db-a056-2e4c361d002f"
"d33a8a45-0faa-4a4c-a4fa-42ce4d320207","C:\Users\nutne\codes\final project\grad\AI_Backend\medai\db\d33a8a45-0faa-4a4c-a4fa-42ce4d320207"
"chroma.sqlite3","C:\Users\nutne\codes\final project\grad\AI_Backend\medai\db\chroma.sqlite3"
"data_level0.bin","C:\Users\nutne\codes\final project\grad\AI_Backend\medai\db\55fe8e75-f096-4134-a11a-8725b083238f\data_level0.bin"
"header.bin","C:\Users\nutne\codes\final project\grad\AI_Backend\medai\db\55fe8e75-f096-4134-a11a-8725b083238f\header.bin"
"index_metadata.pickle","C:\Users\nutne\codes\final project\grad\AI_Backend\medai\db\55fe8e75-f096-4134-a11a-8725b083238f\index_metadata.pickle"
"length.bin","C:\Users\nutne\codes\final project\grad\AI_Backend\medai\db\55fe8e75-f096-4134-a11a-8725b083238f\length.bin"
"link_lists.bin","C:\Users\nutne\codes\final project\grad\AI_Backend\medai\db\55fe8e75-f096-4134-a11a-8725b083238f\link_lists.bin"
"data_level0.bin","C:\Users\nutne\codes\final project\grad\AI_Backend\medai\db\82e3c8b4-e779-46db-a056-2e4c361d002f\data_level0.bin"
"header.bin","C:\Users\nutne\codes\final project\grad\AI_Backend\medai\db\82e3c8b4-e779-46db-a056-2e4c361d002f\header.bin"
"length.bin","C:\Users\nutne\codes\final project\grad\AI_Backend\medai\db\82e3c8b4-e779-46db-a056-2e4c361d002f\length.bin"
"link_lists.bin","C:\Users\nutne\codes\final project\grad\AI_Backend\medai\db\82e3c8b4-e779-46db-a056-2e4c361d002f\link_lists.bin"
"data_level0.bin","C:\Users\nutne\codes\final project\grad\AI_Backend\medai\db\d33a8a45-0faa-4a4c-a4fa-42ce4d320207\data_level0.bin"
"header.bin","C:\Users\nutne\codes\final project\grad\AI_Backend\medai\db\d33a8a45-0faa-4a4c-a4fa-42ce4d320207\header.bin"
"length.bin","C:\Users\nutne\codes\final project\grad\AI_Backend\medai\db\d33a8a45-0faa-4a4c-a4fa-42ce4d320207\length.bin"
"link_lists.bin","C:\Users\nutne\codes\final project\grad\AI_Backend\medai\db\d33a8a45-0faa-4a4c-a4fa-42ce4d320207\link_lists.bin"
"user_preference.txt","C:\Users\nutne\codes\final project\grad\AI_Backend\medai\knowledge\user_preference.txt"
"result_2025-09-05_13-11-55.json","C:\Users\nutne\codes\final project\grad\AI_Backend\medai\logs\result_2025-09-05_13-11-55.json"
"result_2025-09-05_13-26-33.json","C:\Users\nutne\codes\final project\grad\AI_Backend\medai\logs\result_2025-09-05_13-26-33.json"
"result_2025-09-06_07-48-10.json","C:\Users\nutne\codes\final project\grad\AI_Backend\medai\logs\result_2025-09-06_07-48-10.json"
"result_2025-09-06_10-50-07.json","C:\Users\nutne\codes\final project\grad\AI_Backend\medai\logs\result_2025-09-06_10-50-07.json"
"result_2025-09-06_11-02-28.json","C:\Users\nutne\codes\final project\grad\AI_Backend\medai\logs\result_2025-09-06_11-02-28.json"
"result_2025-09-07_18-26-45.json","C:\Users\nutne\codes\final project\grad\AI_Backend\medai\logs\result_2025-09-07_18-26-45.json"
"result_2025-09-07_20-37-24.json","C:\Users\nutne\codes\final project\grad\AI_Backend\medai\logs\result_2025-09-07_20-37-24.json"
"result_2025-09-07_21-42-06.json","C:\Users\nutne\codes\final project\grad\AI_Backend\medai\logs\result_2025-09-07_21-42-06.json"
"medai","C:\Users\nutne\codes\final project\grad\AI_Backend\medai\src\medai"
"config","C:\Users\nutne\codes\final project\grad\AI_Backend\medai\src\medai\config"
"tools","C:\Users\nutne\codes\final project\grad\AI_Backend\medai\src\medai\tools"
"api.py","C:\Users\nutne\codes\final project\grad\AI_Backend\medai\src\medai\api.py"
"chains.py","C:\Users\nutne\codes\final project\grad\AI_Backend\medai\src\medai\chains.py"
"crew.py","C:\Users\nutne\codes\final project\grad\AI_Backend\medai\src\medai\crew.py"
"data_ingestion.py","C:\Users\nutne\codes\final project\grad\AI_Backend\medai\src\medai\data_ingestion.py"
"llms.py","C:\Users\nutne\codes\final project\grad\AI_Backend\medai\src\medai\llms.py"
"main.py","C:\Users\nutne\codes\final project\grad\AI_Backend\medai\src\medai\main.py"
"memory.py","C:\Users\nutne\codes\final project\grad\AI_Backend\medai\src\medai\memory.py"
"templates.py","C:\Users\nutne\codes\final project\grad\AI_Backend\medai\src\medai\templates.py"
"test_generator.py","C:\Users\nutne\codes\final project\grad\AI_Backend\medai\src\medai\test_generator.py"
"test_triage.py","C:\Users\nutne\codes\final project\grad\AI_Backend\medai\src\medai\test_triage.py"
"utils.py","C:\Users\nutne\codes\final project\grad\AI_Backend\medai\src\medai\utils.py"
"__init__.py","C:\Users\nutne\codes\final project\grad\AI_Backend\medai\src\medai\__init__.py"
"case_generator_agents.yaml","C:\Users\nutne\codes\final project\grad\AI_Backend\medai\src\medai\config\case_generator_agents.yaml"
"case_generator_tasks.yaml","C:\Users\nutne\codes\final project\grad\AI_Backend\medai\src\medai\config\case_generator_tasks.yaml"
"doctor_agents.yaml","C:\Users\nutne\codes\final project\grad\AI_Backend\medai\src\medai\config\doctor_agents.yaml"
"doctor_tasks.yaml","C:\Users\nutne\codes\final project\grad\AI_Backend\medai\src\medai\config\doctor_tasks.yaml"
"student_agents.yaml","C:\Users\nutne\codes\final project\grad\AI_Backend\medai\src\medai\config\student_agents.yaml"
"student_tasks.yaml","C:\Users\nutne\codes\final project\grad\AI_Backend\medai\src\medai\config\student_tasks.yaml"
"triage_agents.yaml","C:\Users\nutne\codes\final project\grad\AI_Backend\medai\src\medai\config\triage_agents.yaml"
"triage_tasks.yaml","C:\Users\nutne\codes\final project\grad\AI_Backend\medai\src\medai\config\triage_tasks.yaml"
"ahrq_tool.py","C:\Users\nutne\codes\final project\grad\AI_Backend\medai\src\medai\tools\ahrq_tool.py"
"custom_tool.py","C:\Users\nutne\codes\final project\grad\AI_Backend\medai\src\medai\tools\custom_tool.py"
"pubmed_tool.py","C:\Users\nutne\codes\final project\grad\AI_Backend\medai\src\medai\tools\pubmed_tool.py"
"symptom_tool.py","C:\Users\nutne\codes\final project\grad\AI_Backend\medai\src\medai\tools\symptom_tool.py"
"__init__.py","C:\Users\nutne\codes\final project\grad\AI_Backend\medai\src\medai\tools\__init__.py"
"blueprint.md","C:\Users\nutne\codes\final project\grad\AI_Backend\medai\Visual\blueprint.md"
"dist","C:\Users\nutne\codes\final project\grad\backend\dist"
"src","C:\Users\nutne\codes\final project\grad\backend\src"
"test","C:\Users\nutne\codes\final project\grad\backend\test"
".env","C:\Users\nutne\codes\final project\grad\backend\.env"
".gitignore","C:\Users\nutne\codes\final project\grad\backend\.gitignore"
".prettierrc","C:\Users\nutne\codes\final project\grad\backend\.prettierrc"
"eslint.config.mjs","C:\Users\nutne\codes\final project\grad\backend\eslint.config.mjs"
"nest-cli.json","C:\Users\nutne\codes\final project\grad\backend\nest-cli.json"
"package-lock.json","C:\Users\nutne\codes\final project\grad\backend\package-lock.json"
"package.json","C:\Users\nutne\codes\final project\grad\backend\package.json"
"README.md","C:\Users\nutne\codes\final project\grad\backend\README.md"
"tsconfig.build.json","C:\Users\nutne\codes\final project\grad\backend\tsconfig.build.json"
"tsconfig.json","C:\Users\nutne\codes\final project\grad\backend\tsconfig.json"
"appointments","C:\Users\nutne\codes\final project\grad\backend\dist\appointments"
"auth","C:\Users\nutne\codes\final project\grad\backend\dist\auth"
"doctor","C:\Users\nutne\codes\final project\grad\backend\dist\doctor"
"users","C:\Users\nutne\codes\final project\grad\backend\dist\users"
"app.controller.d.ts","C:\Users\nutne\codes\final project\grad\backend\dist\app.controller.d.ts"
"app.controller.js","C:\Users\nutne\codes\final project\grad\backend\dist\app.controller.js"
"app.controller.js.map","C:\Users\nutne\codes\final project\grad\backend\dist\app.controller.js.map"
"app.module.d.ts","C:\Users\nutne\codes\final project\grad\backend\dist\app.module.d.ts"
"app.module.js","C:\Users\nutne\codes\final project\grad\backend\dist\app.module.js"
"app.module.js.map","C:\Users\nutne\codes\final project\grad\backend\dist\app.module.js.map"
"app.service.d.ts","C:\Users\nutne\codes\final project\grad\backend\dist\app.service.d.ts"
"app.service.js","C:\Users\nutne\codes\final project\grad\backend\dist\app.service.js"
"app.service.js.map","C:\Users\nutne\codes\final project\grad\backend\dist\app.service.js.map"
"main.d.ts","C:\Users\nutne\codes\final project\grad\backend\dist\main.d.ts"
"main.js","C:\Users\nutne\codes\final project\grad\backend\dist\main.js"
"main.js.map","C:\Users\nutne\codes\final project\grad\backend\dist\main.js.map"
"tsconfig.build.tsbuildinfo","C:\Users\nutne\codes\final project\grad\backend\dist\tsconfig.build.tsbuildinfo"
"dto","C:\Users\nutne\codes\final project\grad\backend\dist\appointments\dto"
"schemas","C:\Users\nutne\codes\final project\grad\backend\dist\appointments\schemas"
"appointments.controller.d.ts","C:\Users\nutne\codes\final project\grad\backend\dist\appointments\appointments.controller.d.ts"
"appointments.controller.js","C:\Users\nutne\codes\final project\grad\backend\dist\appointments\appointments.controller.js"
"appointments.controller.js.map","C:\Users\nutne\codes\final project\grad\backend\dist\appointments\appointments.controller.js.map"
"appointments.module.d.ts","C:\Users\nutne\codes\final project\grad\backend\dist\appointments\appointments.module.d.ts"
"appointments.module.js","C:\Users\nutne\codes\final project\grad\backend\dist\appointments\appointments.module.js"
"appointments.module.js.map","C:\Users\nutne\codes\final project\grad\backend\dist\appointments\appointments.module.js.map"
"appointments.service.d.ts","C:\Users\nutne\codes\final project\grad\backend\dist\appointments\appointments.service.d.ts"
"appointments.service.js","C:\Users\nutne\codes\final project\grad\backend\dist\appointments\appointments.service.js"
"appointments.service.js.map","C:\Users\nutne\codes\final project\grad\backend\dist\appointments\appointments.service.js.map"
"create-appointment.dto.d.ts","C:\Users\nutne\codes\final project\grad\backend\dist\appointments\dto\create-appointment.dto.d.ts"
"create-appointment.dto.js","C:\Users\nutne\codes\final project\grad\backend\dist\appointments\dto\create-appointment.dto.js"
"create-appointment.dto.js.map","C:\Users\nutne\codes\final project\grad\backend\dist\appointments\dto\create-appointment.dto.js.map"
"appointment.schema.d.ts","C:\Users\nutne\codes\final project\grad\backend\dist\appointments\schemas\appointment.schema.d.ts"
"appointment.schema.js","C:\Users\nutne\codes\final project\grad\backend\dist\appointments\schemas\appointment.schema.js"
"appointment.schema.js.map","C:\Users\nutne\codes\final project\grad\backend\dist\appointments\schemas\appointment.schema.js.map"
"auth.controller.d.ts","C:\Users\nutne\codes\final project\grad\backend\dist\auth\auth.controller.d.ts"
"auth.controller.js","C:\Users\nutne\codes\final project\grad\backend\dist\auth\auth.controller.js"
"auth.controller.js.map","C:\Users\nutne\codes\final project\grad\backend\dist\auth\auth.controller.js.map"
"auth.module.d.ts","C:\Users\nutne\codes\final project\grad\backend\dist\auth\auth.module.d.ts"
"auth.module.js","C:\Users\nutne\codes\final project\grad\backend\dist\auth\auth.module.js"
"auth.module.js.map","C:\Users\nutne\codes\final project\grad\backend\dist\auth\auth.module.js.map"
"auth.service.d.ts","C:\Users\nutne\codes\final project\grad\backend\dist\auth\auth.service.d.ts"
"auth.service.js","C:\Users\nutne\codes\final project\grad\backend\dist\auth\auth.service.js"
"auth.service.js.map","C:\Users\nutne\codes\final project\grad\backend\dist\auth\auth.service.js.map"
"jwt-auth.guard.d.ts","C:\Users\nutne\codes\final project\grad\backend\dist\auth\jwt-auth.guard.d.ts"
"jwt-auth.guard.js","C:\Users\nutne\codes\final project\grad\backend\dist\auth\jwt-auth.guard.js"
"jwt-auth.guard.js.map","C:\Users\nutne\codes\final project\grad\backend\dist\auth\jwt-auth.guard.js.map"
"jwt.strategy.d.ts","C:\Users\nutne\codes\final project\grad\backend\dist\auth\jwt.strategy.d.ts"
"jwt.strategy.js","C:\Users\nutne\codes\final project\grad\backend\dist\auth\jwt.strategy.js"
"jwt.strategy.js.map","C:\Users\nutne\codes\final project\grad\backend\dist\auth\jwt.strategy.js.map"
"doctor.controller.d.ts","C:\Users\nutne\codes\final project\grad\backend\dist\doctor\doctor.controller.d.ts"
"doctor.controller.js","C:\Users\nutne\codes\final project\grad\backend\dist\doctor\doctor.controller.js"
"doctor.controller.js.map","C:\Users\nutne\codes\final project\grad\backend\dist\doctor\doctor.controller.js.map"
"doctor.module.d.ts","C:\Users\nutne\codes\final project\grad\backend\dist\doctor\doctor.module.d.ts"
"doctor.module.js","C:\Users\nutne\codes\final project\grad\backend\dist\doctor\doctor.module.js"
"doctor.module.js.map","C:\Users\nutne\codes\final project\grad\backend\dist\doctor\doctor.module.js.map"
"doctor.schema.d.ts","C:\Users\nutne\codes\final project\grad\backend\dist\doctor\doctor.schema.d.ts"
"doctor.schema.js","C:\Users\nutne\codes\final project\grad\backend\dist\doctor\doctor.schema.js"
"doctor.schema.js.map","C:\Users\nutne\codes\final project\grad\backend\dist\doctor\doctor.schema.js.map"
"doctor.service.d.ts","C:\Users\nutne\codes\final project\grad\backend\dist\doctor\doctor.service.d.ts"
"doctor.service.js","C:\Users\nutne\codes\final project\grad\backend\dist\doctor\doctor.service.js"
"doctor.service.js.map","C:\Users\nutne\codes\final project\grad\backend\dist\doctor\doctor.service.js.map"
"dto","C:\Users\nutne\codes\final project\grad\backend\dist\users\dto"
"user.schema.d.ts","C:\Users\nutne\codes\final project\grad\backend\dist\users\user.schema.d.ts"
"user.schema.js","C:\Users\nutne\codes\final project\grad\backend\dist\users\user.schema.js"
"user.schema.js.map","C:\Users\nutne\codes\final project\grad\backend\dist\users\user.schema.js.map"
"users.controller.d.ts","C:\Users\nutne\codes\final project\grad\backend\dist\users\users.controller.d.ts"
"users.controller.js","C:\Users\nutne\codes\final project\grad\backend\dist\users\users.controller.js"
"users.controller.js.map","C:\Users\nutne\codes\final project\grad\backend\dist\users\users.controller.js.map"
"users.module.d.ts","C:\Users\nutne\codes\final project\grad\backend\dist\users\users.module.d.ts"
"users.module.js","C:\Users\nutne\codes\final project\grad\backend\dist\users\users.module.js"
"users.module.js.map","C:\Users\nutne\codes\final project\grad\backend\dist\users\users.module.js.map"
"users.service.d.ts","C:\Users\nutne\codes\final project\grad\backend\dist\users\users.service.d.ts"
"users.service.js","C:\Users\nutne\codes\final project\grad\backend\dist\users\users.service.js"
"users.service.js.map","C:\Users\nutne\codes\final project\grad\backend\dist\users\users.service.js.map"
"login-user.dto.d.ts","C:\Users\nutne\codes\final project\grad\backend\dist\users\dto\login-user.dto.d.ts"
"login-user.dto.js","C:\Users\nutne\codes\final project\grad\backend\dist\users\dto\login-user.dto.js"
"login-user.dto.js.map","C:\Users\nutne\codes\final project\grad\backend\dist\users\dto\login-user.dto.js.map"
"register-user.dto.d.ts","C:\Users\nutne\codes\final project\grad\backend\dist\users\dto\register-user.dto.d.ts"
"register-user.dto.js","C:\Users\nutne\codes\final project\grad\backend\dist\users\dto\register-user.dto.js"
"register-user.dto.js.map","C:\Users\nutne\codes\final project\grad\backend\dist\users\dto\register-user.dto.js.map"
"request-password-reset.dto.d.ts","C:\Users\nutne\codes\final project\grad\backend\dist\users\dto\request-password-reset.dto.d.ts"
"request-password-reset.dto.js","C:\Users\nutne\codes\final project\grad\backend\dist\users\dto\request-password-reset.dto.js"
"request-password-reset.dto.js.map","C:\Users\nutne\codes\final project\grad\backend\dist\users\dto\request-password-reset.dto.js.map"
"reset-password.dto.d.ts","C:\Users\nutne\codes\final project\grad\backend\dist\users\dto\reset-password.dto.d.ts"
"reset-password.dto.js","C:\Users\nutne\codes\final project\grad\backend\dist\users\dto\reset-password.dto.js"
"reset-password.dto.js.map","C:\Users\nutne\codes\final project\grad\backend\dist\users\dto\reset-password.dto.js.map"
"appointments","C:\Users\nutne\codes\final project\grad\backend\src\appointments"
"auth","C:\Users\nutne\codes\final project\grad\backend\src\auth"
"doctor","C:\Users\nutne\codes\final project\grad\backend\src\doctor"
"users","C:\Users\nutne\codes\final project\grad\backend\src\users"
"app.controller.spec.ts","C:\Users\nutne\codes\final project\grad\backend\src\app.controller.spec.ts"
"app.controller.ts","C:\Users\nutne\codes\final project\grad\backend\src\app.controller.ts"
"app.module.ts","C:\Users\nutne\codes\final project\grad\backend\src\app.module.ts"
"app.service.ts","C:\Users\nutne\codes\final project\grad\backend\src\app.service.ts"
"main.ts","C:\Users\nutne\codes\final project\grad\backend\src\main.ts"
"dto","C:\Users\nutne\codes\final project\grad\backend\src\appointments\dto"
"schemas","C:\Users\nutne\codes\final project\grad\backend\src\appointments\schemas"
"appointments.controller.spec.ts","C:\Users\nutne\codes\final project\grad\backend\src\appointments\appointments.controller.spec.ts"
"appointments.controller.ts","C:\Users\nutne\codes\final project\grad\backend\src\appointments\appointments.controller.ts"
"appointments.module.ts","C:\Users\nutne\codes\final project\grad\backend\src\appointments\appointments.module.ts"
"appointments.service.spec.ts","C:\Users\nutne\codes\final project\grad\backend\src\appointments\appointments.service.spec.ts"
"appointments.service.ts","C:\Users\nutne\codes\final project\grad\backend\src\appointments\appointments.service.ts"
"create-appointment.dto.ts","C:\Users\nutne\codes\final project\grad\backend\src\appointments\dto\create-appointment.dto.ts"
"appointment.schema.ts","C:\Users\nutne\codes\final project\grad\backend\src\appointments\schemas\appointment.schema.ts"
"auth.controller.spec.ts","C:\Users\nutne\codes\final project\grad\backend\src\auth\auth.controller.spec.ts"
"auth.controller.ts","C:\Users\nutne\codes\final project\grad\backend\src\auth\auth.controller.ts"
"auth.module.ts","C:\Users\nutne\codes\final project\grad\backend\src\auth\auth.module.ts"
"auth.service.spec.ts","C:\Users\nutne\codes\final project\grad\backend\src\auth\auth.service.spec.ts"
"auth.service.ts","C:\Users\nutne\codes\final project\grad\backend\src\auth\auth.service.ts"
"jwt-auth.guard.ts","C:\Users\nutne\codes\final project\grad\backend\src\auth\jwt-auth.guard.ts"
"jwt.strategy.ts","C:\Users\nutne\codes\final project\grad\backend\src\auth\jwt.strategy.ts"
"doctor.controller.ts","C:\Users\nutne\codes\final project\grad\backend\src\doctor\doctor.controller.ts"
"doctor.module.ts","C:\Users\nutne\codes\final project\grad\backend\src\doctor\doctor.module.ts"
"doctor.schema.ts","C:\Users\nutne\codes\final project\grad\backend\src\doctor\doctor.schema.ts"
"doctor.service.ts","C:\Users\nutne\codes\final project\grad\backend\src\doctor\doctor.service.ts"
"dto","C:\Users\nutne\codes\final project\grad\backend\src\users\dto"
"user.schema.ts","C:\Users\nutne\codes\final project\grad\backend\src\users\user.schema.ts"
"users.controller.spec.ts","C:\Users\nutne\codes\final project\grad\backend\src\users\users.controller.spec.ts"
"users.controller.ts","C:\Users\nutne\codes\final project\grad\backend\src\users\users.controller.ts"
"users.module.ts","C:\Users\nutne\codes\final project\grad\backend\src\users\users.module.ts"
"users.service.spec.ts","C:\Users\nutne\codes\final project\grad\backend\src\users\users.service.spec.ts"
"users.service.ts","C:\Users\nutne\codes\final project\grad\backend\src\users\users.service.ts"
"login-user.dto.ts","C:\Users\nutne\codes\final project\grad\backend\src\users\dto\login-user.dto.ts"
"register-user.dto.ts","C:\Users\nutne\codes\final project\grad\backend\src\users\dto\register-user.dto.ts"
"request-password-reset.dto.ts","C:\Users\nutne\codes\final project\grad\backend\src\users\dto\request-password-reset.dto.ts"
"reset-password.dto.ts","C:\Users\nutne\codes\final project\grad\backend\src\users\dto\reset-password.dto.ts"
"app.e2e-spec.ts","C:\Users\nutne\codes\final project\grad\backend\test\app.e2e-spec.ts"
"jest-e2e.json","C:\Users\nutne\codes\final project\grad\backend\test\jest-e2e.json"
"app","C:\Users\nutne\codes\final project\grad\frontend\app"
"components","C:\Users\nutne\codes\final project\grad\frontend\components"
"lib","C:\Users\nutne\codes\final project\grad\frontend\lib"
"pages","C:\Users\nutne\codes\final project\grad\frontend\pages"
"playwright-report","C:\Users\nutne\codes\final project\grad\frontend\playwright-report"
"public","C:\Users\nutne\codes\final project\grad\frontend\public"
"test-results","C:\Users\nutne\codes\final project\grad\frontend\test-results"
"tests","C:\Users\nutne\codes\final project\grad\frontend\tests"
"__tests__","C:\Users\nutne\codes\final project\grad\frontend\__tests__"
".gitignore","C:\Users\nutne\codes\final project\grad\frontend\.gitignore"
"eslint.config.mjs","C:\Users\nutne\codes\final project\grad\frontend\eslint.config.mjs"
"jest.config.mjs","C:\Users\nutne\codes\final project\grad\frontend\jest.config.mjs"
"jest.setup.js","C:\Users\nutne\codes\final project\grad\frontend\jest.setup.js"
"next-env.d.ts","C:\Users\nutne\codes\final project\grad\frontend\next-env.d.ts"
"next.config.ts","C:\Users\nutne\codes\final project\grad\frontend\next.config.ts"
"package-lock.json","C:\Users\nutne\codes\final project\grad\frontend\package-lock.json"
"package.json","C:\Users\nutne\codes\final project\grad\frontend\package.json"
"playwright.config.ts","C:\Users\nutne\codes\final project\grad\frontend\playwright.config.ts"
"postcss.config.mjs","C:\Users\nutne\codes\final project\grad\frontend\postcss.config.mjs"
"README.md","C:\Users\nutne\codes\final project\grad\frontend\README.md"
"tailwind.config.ts","C:\Users\nutne\codes\final project\grad\frontend\tailwind.config.ts"
"tsconfig.json","C:\Users\nutne\codes\final project\grad\frontend\tsconfig.json"
"Appointment","C:\Users\nutne\codes\final project\grad\frontend\app\Appointment"
"components","C:\Users\nutne\codes\final project\grad\frontend\app\components"
"Education","C:\Users\nutne\codes\final project\grad\frontend\app\Education"
"HealthRecords","C:\Users\nutne\codes\final project\grad\frontend\app\HealthRecords"
"LandingPage","C:\Users\nutne\codes\final project\grad\frontend\app\LandingPage"
"Login","C:\Users\nutne\codes\final project\grad\frontend\app\Login"
"Messages","C:\Users\nutne\codes\final project\grad\frontend\app\Messages"
"News","C:\Users\nutne\codes\final project\grad\frontend\app\News"
"PasswordReset","C:\Users\nutne\codes\final project\grad\frontend\app\PasswordReset"
"PatientPortal","C:\Users\nutne\codes\final project\grad\frontend\app\PatientPortal"
"Register","C:\Users\nutne\codes\final project\grad\frontend\app\Register"
"symptomchecker","C:\Users\nutne\codes\final project\grad\frontend\app\symptomchecker"
"favicon.ico","C:\Users\nutne\codes\final project\grad\frontend\app\favicon.ico"
"globals.css","C:\Users\nutne\codes\final project\grad\frontend\app\globals.css"
"layout.tsx","C:\Users\nutne\codes\final project\grad\frontend\app\layout.tsx"
"page.tsx","C:\Users\nutne\codes\final project\grad\frontend\app\page.tsx"
"page.tsx","C:\Users\nutne\codes\final project\grad\frontend\app\Appointment\page.tsx"
"Footer.tsx","C:\Users\nutne\codes\final project\grad\frontend\app\components\Footer.tsx"
"Header.tsx","C:\Users\nutne\codes\final project\grad\frontend\app\components\Header.tsx"
"page.tsx","C:\Users\nutne\codes\final project\grad\frontend\app\Education\page.tsx"
"page.tsx","C:\Users\nutne\codes\final project\grad\frontend\app\HealthRecords\page.tsx"
"page.tsx","C:\Users\nutne\codes\final project\grad\frontend\app\LandingPage\page.tsx"
"page.tsx","C:\Users\nutne\codes\final project\grad\frontend\app\Login\page.tsx"
"page.tsx","C:\Users\nutne\codes\final project\grad\frontend\app\Messages\page.tsx"
"page.tsx","C:\Users\nutne\codes\final project\grad\frontend\app\News\page.tsx"
"page.tsx","C:\Users\nutne\codes\final project\grad\frontend\app\PasswordReset\page.tsx"
"page.tsx","C:\Users\nutne\codes\final project\grad\frontend\app\PatientPortal\page.tsx"
"page.tsx","C:\Users\nutne\codes\final project\grad\frontend\app\Register\page.tsx"
"page.tsx","C:\Users\nutne\codes\final project\grad\frontend\app\symptomchecker\page.tsx"
"ui","C:\Users\nutne\codes\final project\grad\frontend\components\ui"
"doctor","C:\Users\nutne\codes\final project\grad\frontend\pages\doctor"
"services","C:\Users\nutne\codes\final project\grad\frontend\pages\services"
"services.tsx","C:\Users\nutne\codes\final project\grad\frontend\pages\services.tsx"
"patient-report","C:\Users\nutne\codes\final project\grad\frontend\pages\doctor\patient-report"
"ai-assistant.tsx","C:\Users\nutne\codes\final project\grad\frontend\pages\doctor\ai-assistant.tsx"
"appointments.tsx","C:\Users\nutne\codes\final project\grad\frontend\pages\doctor\appointments.tsx"
"dashboard.tsx","C:\Users\nutne\codes\final project\grad\frontend\pages\doctor\dashboard.tsx"
"[id].tsx","C:\Users\nutne\codes\final project\grad\frontend\pages\doctor\patient-report\[id].tsx"
"all.tsx","C:\Users\nutne\codes\final project\grad\frontend\pages\services\all.tsx"
"blood-bank.tsx","C:\Users\nutne\codes\final project\grad\frontend\pages\services\blood-bank.tsx"
"cardiogram.tsx","C:\Users\nutne\codes\final project\grad\frontend\pages\services\cardiogram.tsx"
"dna-testing.tsx","C:\Users\nutne\codes\final project\grad\frontend\pages\services\dna-testing.tsx"
"free-checkup.tsx","C:\Users\nutne\codes\final project\grad\frontend\pages\services\free-checkup.tsx"
"[service].tsx","C:\Users\nutne\codes\final project\grad\frontend\pages\services\[service].tsx"
"index.html","C:\Users\nutne\codes\final project\grad\frontend\playwright-report\index.html"
"Images","C:\Users\nutne\codes\final project\grad\frontend\public\Images"
"file.svg","C:\Users\nutne\codes\final project\grad\frontend\public\file.svg"
"globe.svg","C:\Users\nutne\codes\final project\grad\frontend\public\globe.svg"
"next.svg","C:\Users\nutne\codes\final project\grad\frontend\public\next.svg"
"vercel.svg","C:\Users\nutne\codes\final project\grad\frontend\public\vercel.svg"
"window.svg","C:\Users\nutne\codes\final project\grad\frontend\public\window.svg"
"Doctor1.jpg","C:\Users\nutne\codes\final project\grad\frontend\public\Images\Doctor1.jpg"
"Doctor2.jpg","C:\Users\nutne\codes\final project\grad\frontend\public\Images\Doctor2.jpg"
"Doctor3.jpg","C:\Users\nutne\codes\final project\grad\frontend\public\Images\Doctor3.jpg"
"Doctor4.jpg","C:\Users\nutne\codes\final project\grad\frontend\public\Images\Doctor4.jpg"
"Doctor5.jpg","C:\Users\nutne\codes\final project\grad\frontend\public\Images\Doctor5.jpg"
"Doctor6.jpg","C:\Users\nutne\codes\final project\grad\frontend\public\Images\Doctor6.jpg"
"Login.jpg","C:\Users\nutne\codes\final project\grad\frontend\public\Images\Login.jpg"
"News1.jpg","C:\Users\nutne\codes\final project\grad\frontend\public\Images\News1.jpg"
"News2.jpg","C:\Users\nutne\codes\final project\grad\frontend\public\Images\News2.jpg"
"News3.jpg","C:\Users\nutne\codes\final project\grad\frontend\public\Images\News3.jpg"
"News4.jpg","C:\Users\nutne\codes\final project\grad\frontend\public\Images\News4.jpg"
"Onboarding1.jpg","C:\Users\nutne\codes\final project\grad\frontend\public\Images\Onboarding1.jpg"
"OurServices1.jpg","C:\Users\nutne\codes\final project\grad\frontend\public\Images\OurServices1.jpg"
"OurServices2.jpg","C:\Users\nutne\codes\final project\grad\frontend\public\Images\OurServices2.jpg"
"TopImage.jpg","C:\Users\nutne\codes\final project\grad\frontend\public\Images\TopImage.jpg"
"Welcome1.jpg","C:\Users\nutne\codes\final project\grad\frontend\public\Images\Welcome1.jpg"
".last-run.json","C:\Users\nutne\codes\final project\grad\frontend\test-results\.last-run.json"
"e2e","C:\Users\nutne\codes\final project\grad\frontend\tests\e2e"
"appointments.spec.ts","C:\Users\nutne\codes\final project\grad\frontend\tests\e2e\appointments.spec.ts"
"auth.spec.ts","C:\Users\nutne\codes\final project\grad\frontend\tests\e2e\auth.spec.ts"
"home.spec.ts","C:\Users\nutne\codes\final project\grad\frontend\tests\e2e\home.spec.ts"
"integration.spec.ts","C:\Users\nutne\codes\final project\grad\frontend\tests\e2e\integration.spec.ts"
"components","C:\Users\nutne\codes\final project\grad\frontend\__tests__\components"
"page.test.tsx","C:\Users\nutne\codes\final project\grad\frontend\__tests__\page.test.tsx"
"Header.test.tsx","C:\Users\nutne\codes\final project\grad\frontend\__tests__\components\Header.test.tsx"
